,res,conservation score
0,M 1,0.12615
1,Q 2,0.12261
2,R 3,0.18230
3,T 4,0.19145
4,P 5,0.21001
5,A 6,0.22570
6,M 7,0.24755
7,R 8,0.28756
8,V 9,0.29055
9,L 10,0.29205
10,V 11,0.30167
11,P 12,0.30864
12,A 13,0.29739
13,L 14,0.29421
14,L 15,0.29482
15,V 16,0.29951
16,A 17,0.29772
17,I 18,0.30260
18,S 19,0.30892
19,A 20,0.30565
20,L 21,0.30912
21,S 22,0.33789
22,G 23,0.33327
23,C 24,0.36047
24,G 25,0.34321
25,K 26,0.35123
26,S 27,0.35300
27,E 28,0.35135
28,A 29,0.34762
29,P 30,0.35880
30,P 31,0.36078
31,P 32,0.36107
32,A 33,0.35381
33,Q 34,0.37316
34,T 35,0.36660
35,P 36,0.38684
36,E 37,0.39182
37,V 38,0.38767
38,G 39,0.38765
39,I 40,0.39323
40,V 41,0.38925
41,T 42,0.39569
42,L 43,0.38548
43,E 44,0.39873
44,A 45,0.39120
45,Q 46,0.40998
46,T 47,0.40041
47,V 48,0.39508
48,T 49,0.40383
49,L 50,0.38724
50,N 51,0.40493
51,T 52,0.40115
52,E 53,0.42527
53,L 54,0.44611
54,P 55,0.49449
55,G 56,0.65053
56,R 57,0.70155
57,T 58,0.73298
58,N 59,0.77430
59,A 60,0.74824
60,F 61,0.77065
61,R 62,0.76412
62,I 63,0.75682
63,A 64,0.75585
64,E 65,0.77715
65,V 66,0.80947
66,R 67,0.83240
67,P 68,0.85264
68,Q 69,0.86428
69,V 70,0.83155
70,N 71,0.85701
71,G 72,0.81270
72,I 73,0.82556
73,I 74,0.82916
74,L 75,0.79673
75,K 76,0.83243
76,R 77,0.83795
77,L 78,0.80493
78,F 79,0.84634
79,K 80,0.83482
80,E 81,0.83202
81,G 82,0.81551
82,S 83,0.83292
83,D 84,0.83546
84,V 85,0.81443
85,K 86,0.83658
86,A 87,0.82295
87,G 88,0.81252
88,Q 89,0.86250
89,Q 90,0.86667
90,L 91,0.81938
91,Y 92,0.87446
92,Q 93,0.87267
93,I 94,0.83876
94,D 95,0.85353
95,P 96,0.86190
96,A 97,0.82693
97,T 98,0.84352
98,Y 99,0.86350
99,E 100,0.84179
100,A 101,0.83392
101,D 102,0.85513
102,Y 103,0.86458
103,Q 104,0.86928
104,S 105,0.84579
105,A 106,0.83214
106,Q 107,0.86135
107,A 108,0.81432
108,N 109,0.84653
109,L 110,0.80744
110,A 111,0.81816
111,S 112,0.83701
112,T 113,0.84192
113,Q 114,0.86404
114,E 115,0.84839
115,Q 116,0.87330
116,A 117,0.83810
117,Q 118,0.87312
118,R 119,0.85145
119,Y 120,0.85786
120,K 121,0.83795
121,L 122,0.80106
122,L 123,0.80088
123,V 124,0.81640
124,A 125,0.80793
125,D 126,0.83294
126,Q 127,0.85552
127,A 128,0.81903
128,V 129,0.83167
129,S 130,0.84603
130,K 131,0.84866
131,Q 132,0.86952
132,Q 133,0.87294
133,Y 134,0.86980
134,A 135,0.83338
135,D 136,0.84745
136,A 137,0.81770
137,N 138,0.84991
138,A 139,0.81556
139,A 140,0.81902
140,Y 141,0.86135
141,L 142,0.80866
142,Q 143,0.85858
143,S 144,0.83509
144,K 145,0.83084
145,A 146,0.81779
146,A 147,0.81779
147,V 148,0.81945
148,E 149,0.83125
149,Q 150,0.85737
150,A 151,0.82461
151,R 152,0.84432
152,I 153,0.83605
153,N 154,0.85513
154,L 155,0.81605
155,R 156,0.84869
156,Y 157,0.86341
157,T 158,0.83484
158,K 159,0.83924
159,V 160,0.82721
160,L 161,0.80647
161,S 162,0.83219
162,P 163,0.84232
163,I 164,0.82877
164,S 165,0.83612
165,G 166,0.81259
166,R 167,0.83781
167,I 168,0.82864
168,G 169,0.80847
169,R 170,0.83692
170,S 171,0.82910
171,A 172,0.81391
172,V 173,0.81871
173,T 174,0.82856
174,E 175,0.81977
175,G 176,0.80112
176,A 177,0.80791
177,L 178,0.79978
178,V 179,0.81138
179,T 180,0.83442
180,N 181,0.84741
181,G 182,0.81988
182,Q 183,0.86202
183,A 184,0.82897
184,N 185,0.85474
185,A 186,0.82715
186,M 187,0.87021
187,A 188,0.82811
188,T 189,0.84873
189,V 190,0.83217
190,Q 191,0.86096
191,Q 192,0.86701
192,L 193,0.81588
193,D 194,0.85538
194,P 195,0.85687
195,I 196,0.83626
196,Y 197,0.86544
197,V 198,0.83051
198,D 199,0.84939
199,V 200,0.83572
200,T 201,0.84544
201,Q 202,0.86830
202,P 203,0.85500
203,S 204,0.83733
204,T 205,0.83485
205,A 206,0.81236
206,L 207,0.79344
207,L 208,0.79486
208,R 209,0.82911
209,L 210,0.79872
210,R 211,0.83225
211,R 212,0.83439
212,E 213,0.82587
213,L 214,0.80080
214,A 215,0.81480
215,S 216,0.82380
216,G 217,0.80419
217,Q 218,0.85400
218,L 219,0.80408
219,E 220,0.82659
220,R 221,0.83885
221,A 222,0.81464
222,G 223,0.81288
223,D 224,0.83555
224,N 225,0.84496
225,A 226,0.81371
226,A 227,0.81763
227,K 228,0.82944
228,V 229,0.81313
229,S 230,0.82189
230,L 231,0.79861
231,K 232,0.82838
232,L 233,0.79758
233,E 234,0.82401
234,D 235,0.84019
235,G 236,0.81856
236,S 237,0.84636
237,Q 238,0.86457
238,Y 239,0.86333
239,P 240,0.85441
240,L 241,0.81483
241,E 242,0.83128
242,G 243,0.80697
243,R 244,0.83349
244,L 245,0.80525
245,E 246,0.83167
246,F 247,0.84703
247,S 248,0.83199
248,E 249,0.83510
249,V 250,0.82543
250,S 251,0.83362
251,V 252,0.81879
252,D 253,0.83659
253,E 254,0.82865
254,G 255,0.80904
255,T 256,0.83217
256,G 257,0.80851
257,S 258,0.82760
258,V 259,0.82204
259,T 260,0.83261
260,I 261,0.82826
261,R 262,0.84067
262,A 263,0.82295
263,V 264,0.83035
264,F 265,0.85830
265,P 266,0.86114
266,N 267,0.86951
267,P 268,0.86976
268,N 269,0.86368
269,N 270,0.85548
270,E 271,0.83859
271,L 272,0.80533
272,L 273,0.80888
273,P 274,0.84930
274,G 275,0.81294
275,M 276,0.87869
276,F 277,0.86021
277,V 278,0.83748
278,H 279,0.88013
279,A 280,0.82916
280,Q 281,0.86564
281,L 282,0.81398
282,Q 283,0.85509
283,E 284,0.83527
284,G 285,0.81566
285,V 286,0.83018
286,K 287,0.83587
287,Q 288,0.85621
288,K 289,0.83399
289,A 290,0.81469
290,I 291,0.83021
291,L 292,0.80636
292,A 293,0.82126
293,P 294,0.85075
294,Q 295,0.85801
295,Q 296,0.86399
296,G 297,0.82546
297,V 298,0.83249
298,T 299,0.83692
299,R 300,0.83634
300,D 301,0.83544
301,L 302,0.80969
302,K 303,0.83490
303,G 304,0.81194
304,Q 305,0.85066
305,A 306,0.81147
306,T 307,0.82798
307,A 308,0.81050
308,L 309,0.79838
309,V 310,0.81391
310,V 311,0.81790
311,N 312,0.85175
312,A 313,0.82535
313,Q 314,0.86455
314,N 315,0.85974
315,K 316,0.83728
316,V 317,0.82831
317,E 318,0.83234
318,L 319,0.80209
319,R 320,0.83562
320,V 321,0.81665
321,I 322,0.82622
322,K 323,0.83813
323,A 324,0.81620
324,D 325,0.83977
325,R 326,0.83727
326,V 327,0.81997
327,I 328,0.83196
328,G 329,0.82294
329,D 330,0.84204
330,K 331,0.83847
331,W 332,0.88330
332,L 333,0.81456
333,V 334,0.82492
334,T 335,0.83352
335,E 336,0.82407
336,G 337,0.80660
337,L 338,0.79804
338,N 339,0.84151
339,A 340,0.80983
340,G 341,0.80933
341,D 342,0.83990
342,K 343,0.83373
343,I 344,0.83167
344,I 345,0.83167
345,T 346,0.83124
346,E 347,0.83190
347,G 348,0.81553
348,L 349,0.80704
349,Q 350,0.86096
350,F 351,0.85400
351,V 352,0.82778
352,Q 353,0.86353
353,P 354,0.84812
354,G 355,0.79880
355,V 356,0.80817
356,E 357,0.80954
357,V 358,0.78878
358,K 359,0.79689
359,T 360,0.76887
360,V 361,0.74178
361,P 362,0.71376
362,A 363,0.67171
363,K 364,0.64844
364,N 365,0.63424
365,V 366,0.58620
366,A 367,0.51793
367,S 368,0.50465
368,A 369,0.41410
369,Q 370,0.38814
370,K 371,0.35228
371,A 372,0.28741
372,D 373,0.24558
373,A 374,0.20572
374,A 375,0.18756
375,P 376,0.17720
376,A 377,0.15744
377,K 378,0.15869
378,T 379,0.15683
379,D 380,0.14580
380,S 381,0.15398
381,K 382,0.15514
382,G 383,0.04238
